https://s.pizzahutsurvey.com/IND?CN=SFL222220723112020&V=5&O=1&source=SMS&U=1323109000011368,Validation Code: 75315
https://s.pizzahutsurvey.com/IND?CN=SFL222220723112020&V=5&O=1&source=SMS&U=1323109000011368,Validation Code: 75426
https://s.pizzahutsurvey.com/IND?CN=SFL222220723112020&V=5&O=1&source=SMS&U=1323109000011368,Validation Code: 75531
https://s.pizzahutsurvey.com/IND?CN=SFL222220723212020&V=5&O=1&source=SMS&U=1323109000011367,Validation Code: 75648
https://s.pizzahutsurvey.com/IND?CN=SFL222220723212020&V=5&O=1&source=SMS&U=1323109000011367,Validation Code: 75717
https://s.pizzahutsurvey.com/IND?CN=SFL222220723212020&V=5&O=1&source=SMS&U=1323109000011367,Validation Code: 75810
https://s.pizzahutsurvey.com/IND?CN=SFL222220723212020&V=5&O=1&source=SMS&U=1323109000011367,Validation Code: 75918
https://s.pizzahutsurvey.com/IND?CN=SFL222220723212020&V=5&O=1&source=SMS&U=1323109000011367,Validation Code: 75987
https://s.pizzahutsurvey.com/IND?CN=SFL222220723212020&V=5&O=1&source=SMS&U=1323109000011367,Validation Code: 76041
https://s.pizzahutsurvey.com/IND?CN=SFL222220723212020&V=5&O=1&source=SMS&U=1323109000011367,Validation Code: 76134
https://s.pizzahutsurvey.com/IND?CN=SFL222220723212020&V=5&O=1&source=SMS&U=1323109000011367,Validation Code: 76239
https://s.pizzahutsurvey.com/IND?CN=SFL222220723212020&V=5&O=1&source=SMS&U=1323109000011367,Validation Code: 76362
https://s.pizzahutsurvey.com/IND?CN=SFL222220723212020&V=5&O=1&source=SMS&U=1323109000011367,Validation Code: 76479
https://s.pizzahutsurvey.com/IND?CN=SFL222220723212020&V=5&O=1&source=SMS&U=1323109000011367,Validation Code: 76563
https://s.pizzahutsurvey.com/IND?CN=SFL222220723212020&V=5&O=1&source=SMS&U=1323109000011367,Validation Code: 76656
https://s.pizzahutsurvey.com/IND?CN=SFL222220723212020&V=5&O=1&source=SMS&U=1323109000011367,Validation Code: 76755
https://s.pizzahutsurvey.com/IND?CN=SFL222220723212020&V=5&O=1&source=SMS&U=1323109000011367,Validation Code: 76794
https://s.pizzahutsurvey.com/IND?CN=SFL222220723212020&V=5&O=1&source=SMS&U=1323109000011367,Validation Code: 76878
https://s.pizzahutsurvey.com/IND?CN=SFL222220723112020&V=5&O=1&source=SMS&U=1323109000011368,Validation Code: 77589
https://s.pizzahutsurvey.com/IND?CN=SFL222220723112020&V=5&O=1&source=SMS&U=1323109000011368,Validation Code: 77658
https://s.pizzahutsurvey.com/IND?CN=SFL222220723112020&V=5&O=1&source=SMS&U=1323109000011368,Validation Code: 77775
https://s.pizzahutsurvey.com/IND?CN=SFL222220723112020&V=5&O=1&source=SMS&U=1323109000011368,Validation Code: 77853
https://s.pizzahutsurvey.com/IND?CN=SFL222220723112020&V=5&O=1&source=SMS&U=1323109000011368,Validation Code: 77916
https://s.pizzahutsurvey.com/IND?CN=SFL222220723112020&V=5&O=1&source=SMS&U=1323109000011368,Validation Code: 78009
https://s.pizzahutsurvey.com/IND?CN=SFL222220723112020&V=5&O=1&source=SMS&U=1323109000011368,Validation Code: 78114
https://s.pizzahutsurvey.com/IND?CN=SFL222220723112020&V=5&O=1&source=SMS&U=1323109000011368,Validation Code: 78177
https://s.pizzahutsurvey.com/IND?CN=SFL222220723112020&V=5&O=1&source=SMS&U=1323109000011368,Validation Code: 78255
https://s.pizzahutsurvey.com/IND?CN=SFL222220723112020&V=5&O=1&source=SMS&U=1323109000011368,Validation Code: 78357
